{
  "annotations": {
    "list": []
  },
  "editable": true,
  "fiscalYearStartMonth": 0,
  "graphTooltip": 0,
  "id": 1,
  "links": [],
  "panels": [
    {
      "datasource": "Prometheus",
      "fieldConfig": {
        "defaults": {
          "color": {
            "mode": "palette-classic"
          },
          "thresholds": {
            "mode": "absolute",
            "steps": [
              { "color": "green", "value": null },
              { "color": "red", "value": 80 }
            ]
          }
        }
      },
      "gridPos": { "h": 8, "w": 12, "x": 0, "y": 0 },
      "id": 2,
      "options": {
        "legend": { "calcs": [], "displayMode": "list", "placement": "bottom" },
        "tooltip": { "mode": "single" }
      },
      "targets": [
        {
          "expr": "rate(http_requests_total[5m])",
          "legendFormat": "{{handler}}",
          "refId": "A"
        }
      ],
      "title": "HTTP Request Rate",
      "type": "timeseries"
    },
    {
      "datasource": "Prometheus",
      "fieldConfig": {
        "defaults": {
          "color": { "mode": "thresholds" },
          "thresholds": {
            "mode": "absolute",
            "steps": [
              { "color": "green", "value": null },
              { "color": "red", "value": 80 }
            ]
          },
          "unit": "s"
        }
      },
      "gridPos": { "h": 8, "w": 12, "x": 12, "y": 0 },
      "id": 3,
      "options": {
        "legend": { "calcs": [], "displayMode": "list", "placement": "bottom" }
      },
      "targets": [
        {
          "expr": "rate(http_request_duration_seconds_sum[5m]) / rate(http_request_duration_seconds_count[5m])",
          "legendFormat": "{{handler}}",
          "refId": "A"
        }
      ],
      "title": "Request Latency",
      "type": "timeseries"
    },
    {
      "datasource": "Prometheus",
      "fieldConfig": {
        "defaults": {
          "color": { "mode": "thresholds" },
          "thresholds": {
            "mode": "absolute",
            "steps": [
              { "color": "green", "value": null },
              { "color": "red", "value": 5 }
            ]
          },
          "unit": "percent"
        }
      },
      "gridPos": { "h": 8, "w": 12, "x": 0, "y": 8 },
      "id": 4,
      "options": {
        "legend": { "calcs": [], "displayMode": "list", "placement": "bottom" }
      },
      "targets": [
        {
          "expr": "sum(rate(http_requests_total{code=~\"5..\"}[5m])) / sum(rate(http_requests_total[5m])) * 100",
          "legendFormat": "Error Rate",
          "refId": "A"
        }
      ],
      "title": "Error Rate (%)",
      "type": "timeseries"
    },
    {
      "datasource": "Prometheus",
      "fieldConfig": {
        "defaults": {
          "color": { "mode": "thresholds" },
          "thresholds": {
            "mode": "absolute",
            "steps": [
              { "color": "red", "value": null },
              { "color": "green", "value": 1 }
            ]
          },
          "unit": "bool_yes_no"
        }
      },
      "gridPos": { "h": 8, "w": 12, "x": 12, "y": 8 },
      "id": 5,
      "options": {
        "legend": { "calcs": [], "displayMode": "list", "placement": "bottom" }
      },
      "targets": [
        {
          "expr": "up{job=\"prometheus\"}",
          "legendFormat": "Prometheus",
          "refId": "A"
        },
        {
          "expr": "up{job=\"web-app\"}",
          "legendFormat": "Web Application",
          "refId": "B"
        }
      ],
      "title": "Service Status",
      "type": "gauge"
    }
  ],
  "refresh": "5s",
  "schemaVersion": 36,
  "style": "dark",
  "tags": [],
  "templating": {
    "list": []
  },
  "time": {
    "from": "now-6h",
    "to": "now"
  },
  "timepicker": {},
  "timezone": "",
  "title": "ChemVR Application Monitoring",
  "version": 1,
  "weekStart": ""
}
